布施 杏理,Anri_Fuse@fhzfdolc.bwt,15MSyZH-
浦野 久夫,hisao78791@lyrievkpx.kroa.zq,OUhCflPa
今田 修一,shuuichi01706@hanwbvb.mb,4W0w_Q_i
合田 節夫,setsuo683@qjobfsap.ngzq.kt,iP_EMkTo
志賀 竹次郎,takejirou0237@qffvcua.rlh,NujZmQ0o
梶 好一,yoshikazukaji@lkefairf.sv,kp0adTfX
大平 喬,takashi15217@blrpzmlru.boi,w4uWlA3O
日野 圭子,keiko727@tgusvnmxi.tzzfy.yxw,g66eIbQg
西原 理恵子,onishihara@gxsxnhtch.yej,_KX7He6H
沢井 結月,isawai@sagrhqhx.kho,2lL0Xo3n
宮本 年子,toshiko_miyamoto@yfebib.lwe,z6M2TzAX
中井 莉乃,rino5174@ufeci.bol.jp,Ed-GXZuP
高梨 綾香,ayaka960@rinzlverss.ie,h14AW4aV
高橋 秋男,otakahashi@ohxidnweht.ci,bYCvHio7
松木 花凛,karin571@gzvexg.wfr,tZ62ZDgh
永瀬 葉子,youko1072@ftgourhe.iy,"-HGWH,xQ"
白鳥 民男,tamio11741@wfjgoh.svj,Xe-yCJSs
藤岡 忠雄,tadao8611@rlxwqrou.lumjr.iw,xSzBSgqh
三宅 菜緒,kncfat=s-conao754@zmunypg.jmf.va,m5tF0hyC
浅井 孝三,uasai@vrgqztxy.cxzj.ed,R1VraBMi
堀川 紫音,nhorikawa@qzipzinq.vkvy.yi,HpQS6-Ou
柏木 智嗣,ikashiwagi@dsgezrv.gga.zm,"De,QNQeD"
竹田 義美,yoshimi1360@gzojvonj.rlp,D9eEL3ig
桑原 帆香,honoka058@dsdpi.pwx,y8DXmEdI
松木 政男,masaomatsuki@htmqsy.dgy,YWeroNNm
亀井 周二,shuuji13343@kpjwtcciz.wo,PFgldh46
伴 国夫,kunio_ban@qtolewpsca.rp,zGl_FbAq
川上 遼,haruka09532@zdrhjul.mk,Pbc36wZm
東 勇二,yuuji82057@ycpacdhrps.noeb.jc,5AHOlFxM
中井 貢,mitsugu4304@eiuocyu.jw,P08Kl1zQ
大島 友子,tomoko52965@aomo.ip.btk,"16-90,X6"
土田 尚志,nveoctrq=unhisashi008@qznga.ea,BaOsp_Os
増山 伊都子,itsuko768@qffvig.hee,OJTe6EQs
池上 百恵,Momoe_Ikegami@eglp.qf,EUcVOB5P
高谷 喜一郎,kiichirou036@nlhtdwc.zub,oLbmNqzi
船橋 貞,sada83791@fcuuzlxm.zn,czscjBat
塩田 深雪,miyuki955@yqhflovi.vy,"Mo,GWoMV"
諸星 小百合,sayuri78431@cpsb.ep,2d2Sm3CZ
久保 俊二,shunji_kubo@rvjxsbu.fjtx.kp,Xt86-GvE
正木 廣祐,kousuke35220@ydceg.yy,"fK2,_mn5"
永島 香凛,karin3007@hqkvhzfryl.ay,"B,jdYXNI"
新川 可憐,karen50992@vqeirgq.dh,XY_9Xw3i
池上 小梅,koume5068@wxvo.uuz,DMto1pPi
瀬戸 勇治,Yuuji_Seto@cegy.ezji.xle,iubDc44M
宇佐美 佳乃,Yoshino_Usami@hhuo.vb,A5TzrOtT
川瀬 栞,Shiori_Kawase@rprnxsw.vak,PT6j9Mo7
岩佐 恵子,keiko478@rkwxdqso.ebc,v_Z8NJYr
松沢 和佳子,wakako810@aqnuunpgwd.im,zZbsMne7
梅沢 晶,akira_umezawa@ptlbn.wn.ya,"J,9E_s7S"
粕谷 比呂,hiro745@yqgxkpbv.snm,8u3SPkfM
熊倉 秀吉,hidekichi0047@uqvyuasbs.gvpyd.emq,SdYquHKv
平 金弥,kinya7248@qkafiflmn.kb,"ZDGa,r3,"
碓井 穂花,honoka_usui@kmzv.fg.fdq,pFXfGLwn
川添 忠志,tadashi50988@bbdssf.py,E-mCOJh_
赤井 斎,hitoshiakai@haxpz.cv,0sIr6KlG
白石 千恵,dppgn=nknkcfgbchie055@tgfiypu.ia,3TM7vUyN
北沢 康朗,yasurou17207@kxgor.dvz,MNGWzIbv
森岡 美琴,mikotomorioka@veitgaxxg.ps.mr,ZW29T9OE
岸田 孝宏,rqbyodlmtakahiro3938@kbwewwv.olmf.jxc,_-p3bXXC
前川 正彦,masahiko470@jgxkmk.eicg.xci,NH0iKVBL
橋本 八重子,yaeko009@gniny.rv.brz,Y2__TISs
須田 貴子,Takako_Suda@whudaq.ljx,Fcn4Od-L
八木 清茂,kiyoshi01058@vlskiy.czh,G__PX6Q1
熊倉 真理雄,Mario_Kumakura@nzqnvu.ax.opr,jVKrRakc
村井 正毅,masakimurai@luocdhmduz.rj,"nA4yoaP,"
栗林 和人,kazuto853@vwpcw.wsg.js,S4O4w7yp
鹿島 圭,Kei_Kashima@gbkj.jsz,9uUYEp5Y
坂下 花歩,kaho28619@algvokglky.aik,ih23t6Sz
大久保 嘉之,yoshiyuki19996@wbvmcllfw.pl,PUrTUZkY
大澤 和仁,qznjcrskazuhito34403@ulbobvwxrw.kkp,iU5f0Xgj
沼田 祐一郎,yuuichirou7484@mszk.njzt.vt,X2-IEPyk
草野 梨緒,okusano@qfxeiluze.wla.tz,BT2tbDzq
猪股 香奈子,kanako012@hmdtrujh.ad.gx,"B,BzKWMB"
岩沢 仁志,hitoshi427@gxsjurllc.ktt.ymv,v08g3CJE
河合 創,hajime20622@xyjld.ih.cc,KQDmZdQv
山岡 美奈江,eyamaoka@qftnl.yeo,AP1DXkY1
川崎 夏美,natsumi651@ubwxfhvhmo.mpe,"NiAwAmL,"
大谷 文子,Ayako_Ooya@zezibq.npjt.wzq,71L8O6nf
井原 重義,Shigeyoshi_Ihara@haurfceix.tlx,"ym7pb,MP"
秦 沙織,saorihata@gmvhzdxbf.uxy,IWneatlJ
花井 怜子,zfnrjbnxpsjnreiko354@cviao.ezju.cz,CHBjyWMs
飛田 一華,ichika380@lovj.xd,"z,apaoW1"
高沢 雄二郎,yuujirou3925@somwf.wo,"uFMT,Mbh"
曽我 沙菜,sana463@quufgwwkl.ncwet.cl,"oBIp,-LU"
大貫 喜代子,Kiyoko_Oonuki@lgvvffvm.tf,51OokJ-v
諏訪 卓雄,takuo58194@uutbcv.gy,Uf1IEagX
湊 果凛,karin1899@fafhipraco.expz.qiz,o6tguQ3b
小西 卓雄,takuo_konishi@gwuqsv.eh,PrXIZGly
白井 絢香,ayakashirai@bczob.wb.xvx,"it8d,bjR"
永山 正雄,masao168@ejnodgtal.ana,YANGXjWz
大淵 周二,shuuji_oobuchi@wzntgy.cjqs.dx,Mql33FX_
岡島 早希,Saki_Okajima@fbrbngva.hiw.alj,OtFOkkcx
永野 彩菜,ayana286@xfzn.xam,Nd7rOwpz
榎本 一男,kazuo_enomoto@mlxcnerxgu.zr,o0cpHg8S
宮坂 勇吉,Yuukichi_Miyasaka@fyvgwr.hldm.wqo,tyiTNCll
細谷 佳那子,kanako14902@qxfxi.ec.vq,l0O8Zgzq
沢 清,isawa@wldhsgx.kvd,ZIZA6WRj
富岡 貞,sada312@rohneeil.exs,5nPWWft_
伏見 久雄,qd-=qlrpvvgmsnhisao4227@pawddqow.tjcyy.sg,ZOLQtPSm
畠中 和奏,wakana54991@xbrncu.ztz,C_FK9nfv
